molecule_id,reason
fragment_001,"KekulizeException: Can't kekulize mol.  Unkekulized atoms: 2 3 7 8 13"
fragment_006,"KekulizeException: Can't kekulize mol.  Unkekulized atoms: 2 3 7 8 15"
fragment_011,"KekulizeException: Can't kekulize mol.  Unkekulized atoms: 0 1 4 6 10"
fragment_021,"KekulizeException: Can't kekulize mol.  Unkekulized atoms: 2 3 6 7 8 11 12 13 14"
fragment_024,"KekulizeException: Can't kekulize mol.  Unkekulized atoms: 2 3 7 8 12"
fragment_025,"KekulizeException: Can't kekulize mol.  Unkekulized atoms: 0 4 5 11 12 13 14 15 16"
fragment_029,"KekulizeException: Can't kekulize mol.  Unkekulized atoms: 2 3 7 8 9 10 11 12 13"
fragment_034,"KekulizeException: Can't kekulize mol.  Unkekulized atoms: 0 1 5 6 8 9 10 11 12"
fragment_036,"KekulizeException: Can't kekulize mol.  Unkekulized atoms: 2 3 6 7 11"
fragment_038,"KekulizeException: Can't kekulize mol.  Unkekulized atoms: 0 1 5 6 9"
fragment_041,"KekulizeException: Can't kekulize mol.  Unkekulized atoms: 3 8 9 13 14"
fragment_043,"KekulizeException: Can't kekulize mol.  Unkekulized atoms: 0 1 4 5 6 9 10 11 12"
fragment_045,"KekulizeException: Can't kekulize mol.  Unkekulized atoms: 0 1 4 5 9"
fragment_049,"KekulizeException: Can't kekulize mol.  Unkekulized atoms: 0 1 5 6 9"
fragment_057,"KekulizeException: Can't kekulize mol.  Unkekulized atoms: 0 5 10 11 12 13 14 15 16"
fragment_061,"KekulizeException: Can't kekulize mol.  Unkekulized atoms: 2 3 7 8 12"
fragment_062,"KekulizeException: Can't kekulize mol.  Unkekulized atoms: 2 3 6 7 12 13 14 15 16"
fragment_063,"KekulizeException: Can't kekulize mol.  Unkekulized atoms: 2 3 7 8 12 13 14 15 16"
fragment_064,"KekulizeException: Can't kekulize mol.  Unkekulized atoms: 3 10 11 12 13 14 15 16 17"
fragment_067,"KekulizeException: Can't kekulize mol.  Unkekulized atoms: 0 1 4 5 6 10 11 13 14"
fragment_071,"KekulizeException: Can't kekulize mol.  Unkekulized atoms: 0 1 4 5 8 9 10 11 12"
fragment_074,"KekulizeException: Can't kekulize mol.  Unkekulized atoms: 0 1 4 5 6 10 11 12 13"
fragment_075,"KekulizeException: Can't kekulize mol.  Unkekulized atoms: 2 3 6 7 10"
fragment_076,"KekulizeException: Can't kekulize mol.  Unkekulized atoms: 7 14 15 16 17"
fragment_079,"KekulizeException: Can't kekulize mol.  Unkekulized atoms: 2 3 7 8 11"
fragment_082,"KekulizeException: Can't kekulize mol.  Unkekulized atoms: 0 1 4 6 8"
fragment_087,"KekulizeException: Can't kekulize mol.  Unkekulized atoms: 2 7 8 12 13"
fragment_088,"KekulizeException: Can't kekulize mol.  Unkekulized atoms: 4 10 11 12 13"
fragment_091,"KekulizeException: Can't kekulize mol.  Unkekulized atoms: 0 1 5 6 14"
fragment_094,"KekulizeException: Can't kekulize mol.  Unkekulized atoms: 2 3 6 7 8 9 10 11 12"
fragment_096,"KekulizeException: Can't kekulize mol.  Unkekulized atoms: 0 4 5 12 13"
fragment_099,"KekulizeException: Can't kekulize mol.  Unkekulized atoms: 0 1 4 5 8"
fragment_101,"KekulizeException: Can't kekulize mol.  Unkekulized atoms: 0 1 4 6 12"
fragment_102,"KekulizeException: Can't kekulize mol.  Unkekulized atoms: 2 3 7 8 9"
fragment_104,"KekulizeException: Can't kekulize mol.  Unkekulized atoms: 0 4 5 11 12"
fragment_107,"KekulizeException: Can't kekulize mol.  Unkekulized atoms: 3 7 8 11 12"
fragment_108,"KekulizeException: Can't kekulize mol.  Unkekulized atoms: 3 9 10 14 15"
fragment_111,"KekulizeException: Can't kekulize mol.  Unkekulized atoms: 0 1 4 6 9 10 11 12 13"
fragment_113,"KekulizeException: Can't kekulize mol.  Unkekulized atoms: 0 4 5 11 12"
fragment_116,"KekulizeException: Can't kekulize mol.  Unkekulized atoms: 2 3 8 9 10"
fragment_117,"KekulizeException: Can't kekulize mol.  Unkekulized atoms: 2 3 7 8 12 13 14 15 16"
fragment_118,"KekulizeException: Can't kekulize mol.  Unkekulized atoms: 0 1 5 9 10 11 12 13 14"
fragment_119,"KekulizeException: Can't kekulize mol.  Unkekulized atoms: 0 4 9 10 11"
fragment_120,"KekulizeException: Can't kekulize mol.  Unkekulized atoms: 3 8 9 12 13 14 15 16 17"
fragment_123,"KekulizeException: Can't kekulize mol.  Unkekulized atoms: 2 3 7 8 11"
fragment_126,"KekulizeException: Can't kekulize mol.  Unkekulized atoms: 2 3 6 7 8 11 12 13 14"
fragment_133,"KekulizeException: Can't kekulize mol.  Unkekulized atoms: 0 1 5 6 10 11 12 13 14"
fragment_137,"KekulizeException: Can't kekulize mol.  Unkekulized atoms: 0 1 5 6 15"
fragment_144,"KekulizeException: Can't kekulize mol.  Unkekulized atoms: 0 1 4 9 10"
fragment_146,"KekulizeException: Can't kekulize mol.  Unkekulized atoms: 2 3 7 8 11"
fragment_150,"KekulizeException: Can't kekulize mol.  Unkekulized atoms: 2 3 7 8 13"
fragment_156,"KekulizeException: Can't kekulize mol.  Unkekulized atoms: 0 1 5 6 8"
fragment_157,"KekulizeException: Can't kekulize mol.  Unkekulized atoms: 2 3 7 8 9 12 13 14 15"
fragment_158,"KekulizeException: Can't kekulize mol.  Unkekulized atoms: 3 8 9 13 14"
fragment_160,"KekulizeException: Can't kekulize mol.  Unkekulized atoms: 2 3 6 7 13"
fragment_166,"KekulizeException: Can't kekulize mol.  Unkekulized atoms: 2 3 7 8 11"
fragment_167,"KekulizeException: Can't kekulize mol.  Unkekulized atoms: 2 3 7 8 10"
fragment_168,"KekulizeException: Can't kekulize mol.  Unkekulized atoms: 0 1 5 6 9"
fragment_178,"KekulizeException: Can't kekulize mol.  Unkekulized atoms: 0 1 4 11 12 13 14 15 16"
fragment_179,"KekulizeException: Can't kekulize mol.  Unkekulized atoms: 2 3 9 10 11 14 15 16 17"
fragment_181,"KekulizeException: Can't kekulize mol.  Unkekulized atoms: 0 1 4 6 8 9 10 11 12"
fragment_186,"KekulizeException: Can't kekulize mol.  Unkekulized atoms: 0 1 4 6 11"
fragment_188,"KekulizeException: Can't kekulize mol.  Unkekulized atoms: 0 1 4 5 8"
fragment_190,"KekulizeException: Can't kekulize mol.  Unkekulized atoms: 0 1 5 10 11 12 13 14 15"
fragment_193,"KekulizeException: Can't kekulize mol.  Unkekulized atoms: 2 3 7 8 9 12 13 14 15"
fragment_194,"KekulizeException: Can't kekulize mol.  Unkekulized atoms: 2 3 6 7 10"
fragment_196,"KekulizeException: Can't kekulize mol.  Unkekulized atoms: 0 1 4 5 9"
fragment_198,"KekulizeException: Can't kekulize mol.  Unkekulized atoms: 2 3 6 7 9"
fragment_200,"KekulizeException: Can't kekulize mol.  Unkekulized atoms: 2 3 7 8 11"
fragment_201,"KekulizeException: Can't kekulize mol.  Unkekulized atoms: 0 1 4 5 9"
fragment_204,"KekulizeException: Can't kekulize mol.  Unkekulized atoms: 0 1 4 5 8"
fragment_206,"KekulizeException: Can't kekulize mol.  Unkekulized atoms: 0 1 4 6 9 10 11 12 13"
fragment_207,"KekulizeException: Can't kekulize mol.  Unkekulized atoms: 2 3 7 8 11"
fragment_208,"KekulizeException: Can't kekulize mol.  Unkekulized atoms: 0 1 4 6 10"
fragment_211,"KekulizeException: Can't kekulize mol.  Unkekulized atoms: 2 3 6 7 8 11 12 13 14"
fragment_212,"KekulizeException: Can't kekulize mol.  Unkekulized atoms: 0 1 4 5 8"
fragment_213,"KekulizeException: Can't kekulize mol.  Unkekulized atoms: 0 1 4 6 10"
fragment_214,"KekulizeException: Can't kekulize mol.  Unkekulized atoms: 4 10 11 12 13"
fragment_217,"KekulizeException: Can't kekulize mol.  Unkekulized atoms: 2 3 6 7 10"
fragment_218,"KekulizeException: Can't kekulize mol.  Unkekulized atoms: 2 3 7 8 15"
fragment_219,"KekulizeException: Can't kekulize mol.  Unkekulized atoms: 2 3 7 8 11"
fragment_220,"KekulizeException: Can't kekulize mol.  Unkekulized atoms: 0 1 5 6 10"
fragment_221,"KekulizeException: Can't kekulize mol.  Unkekulized atoms: 0 1 4 10 11"
fragment_222,"KekulizeException: Can't kekulize mol.  Unkekulized atoms: 0 4 5 10 11"
fragment_224,"KekulizeException: Can't kekulize mol.  Unkekulized atoms: 0 1 5 6 10"
fragment_227,"KekulizeException: Can't kekulize mol.  Unkekulized atoms: 0 1 4 5 8"
fragment_229,"KekulizeException: Can't kekulize mol.  Unkekulized atoms: 0 1 5 6 14"
fragment_230,"KekulizeException: Can't kekulize mol.  Unkekulized atoms: 2 3 7 8 12"
fragment_232,"KekulizeException: Can't kekulize mol.  Unkekulized atoms: 0 1 4 5 8"
fragment_234,"KekulizeException: Can't kekulize mol.  Unkekulized atoms: 2 3 7 8 12"
fragment_235,"KekulizeException: Can't kekulize mol.  Unkekulized atoms: 0 1 4 5 9"
fragment_242,"KekulizeException: Can't kekulize mol.  Unkekulized atoms: 0 1 4 5 8"
fragment_245,"KekulizeException: Can't kekulize mol.  Unkekulized atoms: 0 1 4 5 10"
fragment_246,"KekulizeException: Can't kekulize mol.  Unkekulized atoms: 2 3 7 8 11 12 13"
fragment_248,"KekulizeException: Can't kekulize mol.  Unkekulized atoms: 0 1 5 10 11"
fragment_249,"KekulizeException: Can't kekulize mol.  Unkekulized atoms: 0 1 4 5 9"
fragment_251,"KekulizeException: Can't kekulize mol.  Unkekulized atoms: 0 1 4 6 11"
fragment_253,"KekulizeException: Can't kekulize mol.  Unkekulized atoms: 0 1 4 5 8"
fragment_254,"KekulizeException: Can't kekulize mol.  Unkekulized atoms: 10 11 12 13 14"
fragment_256,"KekulizeException: Can't kekulize mol.  Unkekulized atoms: 2 3 7 8 11"
fragment_258,"KekulizeException: Can't kekulize mol.  Unkekulized atoms: 2 3 7 8 11"
fragment_259,"KekulizeException: Can't kekulize mol.  Unkekulized atoms: 0 1 4 5 6 10 11 12 13 14 15 16 17"
fragment_261,"KekulizeException: Can't kekulize mol.  Unkekulized atoms: 2 3 7 8 16"
fragment_262,"KekulizeException: Can't kekulize mol.  Unkekulized atoms: 0 1 4 6 10"
fragment_263,"KekulizeException: Can't kekulize mol.  Unkekulized atoms: 2 3 8 9 18"
fragment_265,"KekulizeException: Can't kekulize mol.  Unkekulized atoms: 0 1 4 5 9"
fragment_266,"KekulizeException: Can't kekulize mol.  Unkekulized atoms: 0 4 5 10 11"
fragment_269,"KekulizeException: Can't kekulize mol.  Unkekulized atoms: 0 1 4 5 8 9 10 11 12"
fragment_273,"KekulizeException: Can't kekulize mol.  Unkekulized atoms: 0 1 4 5 8"
fragment_274,"KekulizeException: Can't kekulize mol.  Unkekulized atoms: 0 1 4 6 14"
fragment_275,"KekulizeException: Can't kekulize mol.  Unkekulized atoms: 0 1 5 6 10"
fragment_277,"KekulizeException: Can't kekulize mol.  Unkekulized atoms: 0 1 4 5 8"
fragment_280,"KekulizeException: Can't kekulize mol.  Unkekulized atoms: 0 1 4 5 6 11 12 13 14"
fragment_281,"KekulizeException: Can't kekulize mol.  Unkekulized atoms: 0 1 4 5 8 9 10 11 12"
fragment_283,"KekulizeException: Can't kekulize mol.  Unkekulized atoms: 2 3 6 7 10"
fragment_286,"KekulizeException: Can't kekulize mol.  Unkekulized atoms: 2 3 7 8 14"
fragment_287,"KekulizeException: Can't kekulize mol.  Unkekulized atoms: 2 3 6 7 9"
fragment_288,"KekulizeException: Can't kekulize mol.  Unkekulized atoms: 2 3 8 9 13"
fragment_289,"KekulizeException: Can't kekulize mol.  Unkekulized atoms: 0 4 5 10 11"
fragment_293,"KekulizeException: Can't kekulize mol.  Unkekulized atoms: 0 1 4 6 10"
fragment_301,"KekulizeException: Can't kekulize mol.  Unkekulized atoms: 0 1 4 6 10"
fragment_304,"KekulizeException: Can't kekulize mol.  Unkekulized atoms: 0 1 4 5 9"
fragment_306,"KekulizeException: Can't kekulize mol.  Unkekulized atoms: 2 3 7 8 13 14 15 16 17"
fragment_307,"KekulizeException: Can't kekulize mol.  Unkekulized atoms: 2 3 7 8 11"
fragment_308,"KekulizeException: Can't kekulize mol.  Unkekulized atoms: 2 3 7 8 11"
fragment_309,"KekulizeException: Can't kekulize mol.  Unkekulized atoms: 2 3 7 8 12"
fragment_311,"KekulizeException: Can't kekulize mol.  Unkekulized atoms: 0 1 4 5 10"
fragment_312,"KekulizeException: Can't kekulize mol.  Unkekulized atoms: 0 1 4 5 8"
fragment_313,"KekulizeException: Can't kekulize mol.  Unkekulized atoms: 2 3 8 9 11"
fragment_314,"KekulizeException: Can't kekulize mol.  Unkekulized atoms: 2 3 7 8 19"
fragment_315,"KekulizeException: Can't kekulize mol.  Unkekulized atoms: 0 1 4 5 8"
fragment_316,"KekulizeException: Can't kekulize mol.  Unkekulized atoms: 2 3 8 9 13"
fragment_317,"KekulizeException: Can't kekulize mol.  Unkekulized atoms: 2 3 7 8 14"
fragment_318,"KekulizeException: Can't kekulize mol.  Unkekulized atoms: 2 3 7 8 15"
fragment_319,"KekulizeException: Can't kekulize mol.  Unkekulized atoms: 0 1 4 5 8"
fragment_320,"KekulizeException: Can't kekulize mol.  Unkekulized atoms: 0 4 5 10 11 12 13 14 15"
fragment_322,"KekulizeException: Can't kekulize mol.  Unkekulized atoms: 2 3 6 7 10"
fragment_324,"KekulizeException: Can't kekulize mol.  Unkekulized atoms: 2 3 7 8 11"
fragment_326,"KekulizeException: Can't kekulize mol.  Unkekulized atoms: 0 1 4 5 8"
fragment_328,"KekulizeException: Can't kekulize mol.  Unkekulized atoms: 2 3 7 8 11 12 13 14 15"
fragment_331,"KekulizeException: Can't kekulize mol.  Unkekulized atoms: 0 1 4 6 10"
fragment_333,"KekulizeException: Can't kekulize mol.  Unkekulized atoms: 0 1 4 5 6 10 11 12 13"
fragment_334,"KekulizeException: Can't kekulize mol.  Unkekulized atoms: 0 4 5 10 11"
fragment_335,"KekulizeException: Can't kekulize mol.  Unkekulized atoms: 2 3 7 8 12"
fragment_336,"KekulizeException: Can't kekulize mol.  Unkekulized atoms: 1 4 10 11 12 13 14 15"
fragment_347,"KekulizeException: Can't kekulize mol.  Unkekulized atoms: 0 1 4 5 6 9 10 11 12"
fragment_350,"KekulizeException: Can't kekulize mol.  Unkekulized atoms: 2 3 6 7 10"
fragment_351,"KekulizeException: Can't kekulize mol.  Unkekulized atoms: 2 3 7 8 16"
fragment_353,"KekulizeException: Can't kekulize mol.  Unkekulized atoms: 2 3 6 7 10"
fragment_354,"KekulizeException: Can't kekulize mol.  Unkekulized atoms: 2 3 7 8 10 11 12 13 14"
fragment_357,"KekulizeException: Can't kekulize mol.  Unkekulized atoms: 2 3 7 8 11 12 13 14 15"
fragment_362,"KekulizeException: Can't kekulize mol.  Unkekulized atoms: 4 12 13 14 15"
fragment_365,"KekulizeException: Can't kekulize mol.  Unkekulized atoms: 2 3 7 8 10"
fragment_368,"KekulizeException: Can't kekulize mol.  Unkekulized atoms: 0 1 4 5 9"
fragment_370,"KekulizeException: Can't kekulize mol.  Unkekulized atoms: 0 1 4 5 9"
fragment_371,"KekulizeException: Can't kekulize mol.  Unkekulized atoms: 2 3 6 7 10"
fragment_372,"KekulizeException: Can't kekulize mol.  Unkekulized atoms: 2 3 7 8 11"
fragment_376,"KekulizeException: Can't kekulize mol.  Unkekulized atoms: 0 1 4 5 8"
fragment_377,"KekulizeException: Can't kekulize mol.  Unkekulized atoms: 0 1 5 6 10"
fragment_379,"KekulizeException: Can't kekulize mol.  Unkekulized atoms: 0 1 5 6 14"
fragment_383,"KekulizeException: Can't kekulize mol.  Unkekulized atoms: 0 1 4 6 10"
fragment_384,"KekulizeException: Can't kekulize mol.  Unkekulized atoms: 0 4 5 9 10"
fragment_385,"KekulizeException: Can't kekulize mol.  Unkekulized atoms: 0 1 4 5 8"
fragment_386,"KekulizeException: Can't kekulize mol.  Unkekulized atoms: 0 1 5 6 10"
fragment_388,"KekulizeException: Can't kekulize mol.  Unkekulized atoms: 0 1 4 6 10"
fragment_389,"KekulizeException: Can't kekulize mol.  Unkekulized atoms: 7 12 13 14 15"
fragment_390,"KekulizeException: Can't kekulize mol.  Unkekulized atoms: 2 3 7 8 11"
fragment_391,"KekulizeException: Can't kekulize mol.  Unkekulized atoms: 0 1 5 6 8"
fragment_393,"KekulizeException: Can't kekulize mol.  Unkekulized atoms: 0 1 4 5 8"
fragment_395,"KekulizeException: Can't kekulize mol.  Unkekulized atoms: 0 5 11 12 13"
fragment_396,"KekulizeException: Can't kekulize mol.  Unkekulized atoms: 0 1 4 5 8"
fragment_398,"KekulizeException: Can't kekulize mol.  Unkekulized atoms: 0 4 5 11 12 13 14 15 16"
fragment_399,"KekulizeException: Can't kekulize mol.  Unkekulized atoms: 2 3 7 8 19"
fragment_400,"KekulizeException: Can't kekulize mol.  Unkekulized atoms: 0 4 5 11 12"
fragment_402,"KekulizeException: Can't kekulize mol.  Unkekulized atoms: 0 1 5 6 11"
fragment_404,"KekulizeException: Can't kekulize mol.  Unkekulized atoms: 0 1 4 5 9"
fragment_406,"KekulizeException: Can't kekulize mol.  Unkekulized atoms: 0 1 4 5 10"
fragment_407,"KekulizeException: Can't kekulize mol.  Unkekulized atoms: 3 9 13 14 15"
fragment_408,"KekulizeException: Can't kekulize mol.  Unkekulized atoms: 0 1 4 5 9"
fragment_409,"KekulizeException: Can't kekulize mol.  Unkekulized atoms: 0 1 4 5 8"
fragment_410,"KekulizeException: Can't kekulize mol.  Unkekulized atoms: 2 3 7 8 12"
fragment_413,"KekulizeException: Can't kekulize mol.  Unkekulized atoms: 2 7 8 12 13"
fragment_414,"KekulizeException: Can't kekulize mol.  Unkekulized atoms: 0 1 4 5 8 9 10 11 12"
fragment_416,"KekulizeException: Can't kekulize mol.  Unkekulized atoms: 0 4 5 12 13"
fragment_418,"KekulizeException: Can't kekulize mol.  Unkekulized atoms: 0 1 5 6 12"
fragment_420,"KekulizeException: Can't kekulize mol.  Unkekulized atoms: 0 1 4 6 9"
fragment_421,"KekulizeException: Can't kekulize mol.  Unkekulized atoms: 0 4 5 10 11 12 13 14 15"
fragment_422,"KekulizeException: Can't kekulize mol.  Unkekulized atoms: 2 3 7 8 14"
fragment_423,"KekulizeException: Can't kekulize mol.  Unkekulized atoms: 0 1 4 5 10 11 12 13 14"
fragment_424,"KekulizeException: Can't kekulize mol.  Unkekulized atoms: 0 1 4 6 11"
fragment_425,"KekulizeException: Can't kekulize mol.  Unkekulized atoms: 2 3 7 8 11 14 15 16 17 18 19"
fragment_426,"KekulizeException: Can't kekulize mol.  Unkekulized atoms: 0 1 4 5 8"
fragment_427,"KekulizeException: Can't kekulize mol.  Unkekulized atoms: 2 3 6 7 16"
fragment_428,"KekulizeException: Can't kekulize mol.  Unkekulized atoms: 0 1 4 5 8"
fragment_433,"KekulizeException: Can't kekulize mol.  Unkekulized atoms: 2 3 7 8 12"
fragment_434,"KekulizeException: Can't kekulize mol.  Unkekulized atoms: 0 4 5 9 10"
fragment_435,"KekulizeException: Can't kekulize mol.  Unkekulized atoms: 0 1 4 6 9"
fragment_436,"KekulizeException: Can't kekulize mol.  Unkekulized atoms: 0 1 5 6 15"
fragment_439,"KekulizeException: Can't kekulize mol.  Unkekulized atoms: 0 1 5 6 10"
fragment_440,"KekulizeException: Can't kekulize mol.  Unkekulized atoms: 2 3 7 8 11"
fragment_441,"KekulizeException: Can't kekulize mol.  Unkekulized atoms: 0 1 4 6 11"
fragment_444,"KekulizeException: Can't kekulize mol.  Unkekulized atoms: 3 8 9 17 18"
fragment_447,"KekulizeException: Can't kekulize mol.  Unkekulized atoms: 2 3 7 8 12"
fragment_448,"KekulizeException: Can't kekulize mol.  Unkekulized atoms: 0 1 5 6 9"
fragment_449,"KekulizeException: Can't kekulize mol.  Unkekulized atoms: 0 1 4 6 10 11 12 13 14"
fragment_452,"KekulizeException: Can't kekulize mol.  Unkekulized atoms: 0 1 4 5 8 9 10 11 12"
fragment_455,"KekulizeException: Can't kekulize mol.  Unkekulized atoms: 2 7 8 12 13"
fragment_456,"KekulizeException: Can't kekulize mol.  Unkekulized atoms: 2 7 8 11 12 13 14 15 16"
fragment_459,"KekulizeException: Can't kekulize mol.  Unkekulized atoms: 0 4 5 10 11"
fragment_460,"KekulizeException: Can't kekulize mol.  Unkekulized atoms: 2 3 7 8 11 12 13 14 15"
fragment_461,"KekulizeException: Can't kekulize mol.  Unkekulized atoms: 0 1 5 6 10"
fragment_462,"KekulizeException: Can't kekulize mol.  Unkekulized atoms: 0 1 4 6 10"
fragment_463,"KekulizeException: Can't kekulize mol.  Unkekulized atoms: 0 1 4 10 11 12 13 14 15"
fragment_464,"KekulizeException: Can't kekulize mol.  Unkekulized atoms: 2 3 6 7 8 11 12 13 14"
fragment_465,"KekulizeException: Can't kekulize mol.  Unkekulized atoms: 3 9 10 14 15"
fragment_467,"KekulizeException: Can't kekulize mol.  Unkekulized atoms: 0 4 5 11 12"
fragment_468,"KekulizeException: Can't kekulize mol.  Unkekulized atoms: 2 3 7 8 11"
fragment_470,"KekulizeException: Can't kekulize mol.  Unkekulized atoms: 2 3 8 9 13"
fragment_471,"KekulizeException: Can't kekulize mol.  Unkekulized atoms: 0 1 5 6 10"
fragment_474,"KekulizeException: Can't kekulize mol.  Unkekulized atoms: 0 1 4 5 9"
fragment_477,"KekulizeException: Can't kekulize mol.  Unkekulized atoms: 2 3 7 8 11"
fragment_478,"KekulizeException: Can't kekulize mol.  Unkekulized atoms: 0 1 5 6 12"
fragment_483,"KekulizeException: Can't kekulize mol.  Unkekulized atoms: 2 3 7 8 13"
fragment_485,"KekulizeException: Can't kekulize mol.  Unkekulized atoms: 2 7 8 13 14 15 16 17 18"
fragment_487,"KekulizeException: Can't kekulize mol.  Unkekulized atoms: 2 3 7 8 15"
fragment_488,"KekulizeException: Can't kekulize mol.  Unkekulized atoms: 0 1 4 6 12"
fragment_489,"KekulizeException: Can't kekulize mol.  Unkekulized atoms: 0 1 4 5 6 10 11"
fragment_490,"KekulizeException: Can't kekulize mol.  Unkekulized atoms: 0 1 4 5 9"
fragment_491,"KekulizeException: Can't kekulize mol.  Unkekulized atoms: 2 3 7 8 13"
fragment_493,"KekulizeException: Can't kekulize mol.  Unkekulized atoms: 0 4 5 10 11"
fragment_494,"KekulizeException: Can't kekulize mol.  Unkekulized atoms: 0 1 5 6 9"
fragment_495,"KekulizeException: Can't kekulize mol.  Unkekulized atoms: 0 1 4 6 9"
fragment_496,"KekulizeException: Can't kekulize mol.  Unkekulized atoms: 0 1 4 5 8"
fragment_499,"KekulizeException: Can't kekulize mol.  Unkekulized atoms: 0 1 4 5 10"
fragment_500,"KekulizeException: Can't kekulize mol.  Unkekulized atoms: 0 1 4 5 6 10 11 12 13"
testcase-101,"KekulizeException: Can't kekulize mol.  Unkekulized atoms: 2 3 4 5 6"
testcase-1055,"KekulizeException: Can't kekulize mol.  Unkekulized atoms: 0 1 2 6 8"
testcase-106,"KekulizeException: Can't kekulize mol.  Unkekulized atoms: 5 6 8 9 10"
testcase-1074,"KekulizeException: Can't kekulize mol.  Unkekulized atoms: 3 4 5 6 7"
testcase-1085,"KekulizeException: Can't kekulize mol.  Unkekulized atoms: 0 1 2 11 12"
testcase-1089,"KekulizeException: Can't kekulize mol.  Unkekulized atoms: 2 3 4 5 6"
testcase-1090,"KekulizeException: Can't kekulize mol.  Unkekulized atoms: 2 3 8 9 10 11 12 13 14"
testcase-1091,"KekulizeException: Can't kekulize mol.  Unkekulized atoms: 0 1 2 3 4"
testcase-1094,"KekulizeException: Can't kekulize mol.  Unkekulized atoms: 0 1 2 3 10"
testcase-1107,"KekulizeException: Can't kekulize mol.  Unkekulized atoms: 4 5 6 7 8"
testcase-1113,"KekulizeException: Can't kekulize mol.  Unkekulized atoms: 0 1 2 9 10"
testcase-112,"KekulizeException: Can't kekulize mol.  Unkekulized atoms: 0 1 2 3 10"
testcase-1130,"KekulizeException: Can't kekulize mol.  Unkekulized atoms: 1 2 3 4 8"
testcase-1135,"KekulizeException: Can't kekulize mol.  Unkekulized atoms: 0 1 2 3 4 5 6 15 16"
testcase-1170,"KekulizeException: Can't kekulize mol.  Unkekulized atoms: 3 4 5 6 7"
testcase-1171,"KekulizeException: Can't kekulize mol.  Unkekulized atoms: 2 3 4 5 6"
testcase-1182,"KekulizeException: Can't kekulize mol.  Unkekulized atoms: 0 1 2 3 4"
testcase-1184,"KekulizeException: Can't kekulize mol.  Unkekulized atoms: 4 5 6 7 8"
testcase-1185,"KekulizeException: Can't kekulize mol.  Unkekulized atoms: 0 1 2 9 10"
testcase-1186,"KekulizeException: Can't kekulize mol.  Unkekulized atoms: 2 3 4 5 6"
testcase-122,"KekulizeException: Can't kekulize mol.  Unkekulized atoms: 0 1 2 3 10"
testcase-1220,"KekulizeException: Can't kekulize mol.  Unkekulized atoms: 3 4 5 6 7 8 9 10 11"
testcase-1221,"KekulizeException: Can't kekulize mol.  Unkekulized atoms: 2 3 4 5 6 7 8 9 10"
testcase-1222,"KekulizeException: Can't kekulize mol.  Unkekulized atoms: 0 1 2 4 5 6 7 8 9"
testcase-1223,"KekulizeException: Can't kekulize mol.  Unkekulized atoms: 0 1 2 3 4 5 6 7 9"
testcase-1232,"KekulizeException: Can't kekulize mol.  Unkekulized atoms: 2 3 5 6 7"
testcase-1234,"KekulizeException: Can't kekulize mol.  Unkekulized atoms: 0 1 2 3 6"
testcase-1249,"KekulizeException: Can't kekulize mol.  Unkekulized atoms: 0 1 2 3 6"
testcase-1263,"KekulizeException: Can't kekulize mol.  Unkekulized atoms: 2 3 5 6 7 8 9 10 11"
testcase-1269,"KekulizeException: Can't kekulize mol.  Unkekulized atoms: 4 5 6 7 8 9 10 11 12"
testcase-1270,"KekulizeException: Can't kekulize mol.  Unkekulized atoms: 0 1 2 4 5 6 7 8 9"
testcase-1273,"KekulizeException: Can't kekulize mol.  Unkekulized atoms: 2 3 4 5 6"
testcase-1274,"KekulizeException: Can't kekulize mol.  Unkekulized atoms: 0 1 2 9 10"
testcase-1283,"KekulizeException: Can't kekulize mol.  Unkekulized atoms: 1 2 3 4 5"
testcase-1284,"KekulizeException: Can't kekulize mol.  Unkekulized atoms: 1 2 3 4 5"
testcase-1285,"KekulizeException: Can't kekulize mol.  Unkekulized atoms: 4 5 6 7 8 9 10 11 12"
testcase-1296,"KekulizeException: Can't kekulize mol.  Unkekulized atoms: 4 5 6 7 8"
testcase-1297,"KekulizeException: Can't kekulize mol.  Unkekulized atoms: 4 5 6 7 8"
testcase-1298,"KekulizeException: Can't kekulize mol.  Unkekulized atoms: 1 2 3 4 5"
testcase-1301,"KekulizeException: Can't kekulize mol.  Unkekulized atoms: 0 1 2 3 7"
testcase-1317,"KekulizeException: Can't kekulize mol.  Unkekulized atoms: 3 4 5 6 7 8 9 10 11"
testcase-1318,"KekulizeException: Can't kekulize mol.  Unkekulized atoms: 2 3 4 5 6 7 8 9 10"
testcase-1328,"KekulizeException: Can't kekulize mol.  Unkekulized atoms: 7 8 9 10 11"
testcase-1332,"KekulizeException: Can't kekulize mol.  Unkekulized atoms: 1 2 6 7 8"
testcase-1335,"KekulizeException: Can't kekulize mol.  Unkekulized atoms: 1 2 3 4 5"
testcase-1336,"KekulizeException: Can't kekulize mol.  Unkekulized atoms: 1 2 3 4 5"
testcase-1350,"KekulizeException: Can't kekulize mol.  Unkekulized atoms: 6 7 8 9 10"
testcase-1389,"KekulizeException: Can't kekulize mol.  Unkekulized atoms: 2 3 4 5 6"
testcase-1390,"KekulizeException: Can't kekulize mol.  Unkekulized atoms: 0 1 2 6 7"
testcase-1394,"KekulizeException: Can't kekulize mol.  Unkekulized atoms: 3 4 5 6 7"
testcase-1395,"KekulizeException: Can't kekulize mol.  Unkekulized atoms: 3 4 5 6 7"
testcase-1400,"KekulizeException: Can't kekulize mol.  Unkekulized atoms: 4 5 6 7 8"
testcase-1408,"KekulizeException: Can't kekulize mol.  Unkekulized atoms: 0 1 2 3 4 5 6 11 12"
testcase-1409,"KekulizeException: Can't kekulize mol.  Unkekulized atoms: 0 1 2 3 4 5 6 11 12"
testcase-142,"KekulizeException: Can't kekulize mol.  Unkekulized atoms: 4 5 6 7 8 9 10 11 12"
testcase-1425,"KekulizeException: Can't kekulize mol.  Unkekulized atoms: 3 4 5 6 7"
testcase-1426,"KekulizeException: Can't kekulize mol.  Unkekulized atoms: 0 1 2 3 10"
testcase-1429,"KekulizeException: Can't kekulize mol.  Unkekulized atoms: 3 4 5 6 7"
testcase-1430,"KekulizeException: Can't kekulize mol.  Unkekulized atoms: 1 2 3 4 5"
testcase-1431,"KekulizeException: Can't kekulize mol.  Unkekulized atoms: 0 1 2 3 4"
testcase-1437,"KekulizeException: Can't kekulize mol.  Unkekulized atoms: 2 3 4 5 6"
testcase-1448,"KekulizeException: Can't kekulize mol.  Unkekulized atoms: 1 2 3 4 6"
testcase-1449,"KekulizeException: Can't kekulize mol.  Unkekulized atoms: 0 1 2 3 4"
testcase-145,"KekulizeException: Can't kekulize mol.  Unkekulized atoms: 5 6 7 8 9"
testcase-1457,"KekulizeException: Can't kekulize mol.  Unkekulized atoms: 4 5 6 7 8"
testcase-1459,"KekulizeException: Can't kekulize mol.  Unkekulized atoms: 0 1 2 3 4"
testcase-1460,"KekulizeException: Can't kekulize mol.  Unkekulized atoms: 2 3 4 5 9"
testcase-1461,"KekulizeException: Can't kekulize mol.  Unkekulized atoms: 2 3 4 5 9"
testcase-1473,"KekulizeException: Can't kekulize mol.  Unkekulized atoms: 0 1 2 5 6"
testcase-1474,"KekulizeException: Can't kekulize mol.  Unkekulized atoms: 0 1 2 10 11"
testcase-1484,"KekulizeException: Can't kekulize mol.  Unkekulized atoms: 0 1 2 7 8"
testcase-1489,"KekulizeException: Can't kekulize mol.  Unkekulized atoms: 3 4 5 6 8"
testcase-1490,"KekulizeException: Can't kekulize mol.  Unkekulized atoms: 2 3 4 5 7"
testcase-1491,"KekulizeException: Can't kekulize mol.  Unkekulized atoms: 1 2 3 4 5"
testcase-1492,"KekulizeException: Can't kekulize mol.  Unkekulized atoms: 1 2 3 4 5"
testcase-1501,"KekulizeException: Can't kekulize mol.  Unkekulized atoms: 1 2 3 7 8"
testcase-1511,"KekulizeException: Can't kekulize mol.  Unkekulized atoms: 2 3 4 5 10"
testcase-1512,"KekulizeException: Can't kekulize mol.  Unkekulized atoms: 2 3 4 5 10"
testcase-1513,"KekulizeException: Can't kekulize mol.  Unkekulized atoms: 0 1 2 3 9"
testcase-1515,"KekulizeException: Can't kekulize mol.  Unkekulized atoms: 1 2 3 4 5"
testcase-1516,"KekulizeException: Can't kekulize mol.  Unkekulized atoms: 0 1 2 3 4"
testcase-1518,"KekulizeException: Can't kekulize mol.  Unkekulized atoms: 1 2 3 4 5"
testcase-1522,"KekulizeException: Can't kekulize mol.  Unkekulized atoms: 5 6 7 8 10"
testcase-1523,"KekulizeException: Can't kekulize mol.  Unkekulized atoms: 5 6 7 8 10"
testcase-1532,"KekulizeException: Can't kekulize mol.  Unkekulized atoms: 2 3 4 5 6"
testcase-1533,"KekulizeException: Can't kekulize mol.  Unkekulized atoms: 1 2 3 7 8"
testcase-1534,"KekulizeException: Can't kekulize mol.  Unkekulized atoms: 5 6 7 8 9"
testcase-1536,"KekulizeException: Can't kekulize mol.  Unkekulized atoms: 4 5 6 7 8"
testcase-1539,"KekulizeException: Can't kekulize mol.  Unkekulized atoms: 4 5 6 7 8"
testcase-1540,"KekulizeException: Can't kekulize mol.  Unkekulized atoms: 2 3 4 5 6"
testcase-1541,"KekulizeException: Can't kekulize mol.  Unkekulized atoms: 0 1 2 3 4"
testcase-1542,"KekulizeException: Can't kekulize mol.  Unkekulized atoms: 2 3 4 5 6"
testcase-1543,"KekulizeException: Can't kekulize mol.  Unkekulized atoms: 0 1 2 7 8"
testcase-1544,"KekulizeException: Can't kekulize mol.  Unkekulized atoms: 0 1 2 7 8"
testcase-1545,"KekulizeException: Can't kekulize mol.  Unkekulized atoms: 2 3 4 5 6"
testcase-1546,"KekulizeException: Can't kekulize mol.  Unkekulized atoms: 2 3 4 5 6"
testcase-1554,"KekulizeException: Can't kekulize mol.  Unkekulized atoms: 3 4 5 6 7"
testcase-1558,"KekulizeException: Can't kekulize mol.  Unkekulized atoms: 4 5 6 7 9"
testcase-1559,"KekulizeException: Can't kekulize mol.  Unkekulized atoms: 4 5 6 7 9"
testcase-1560,"KekulizeException: Can't kekulize mol.  Unkekulized atoms: 2 3 4 5 6"
testcase-1561,"KekulizeException: Can't kekulize mol.  Unkekulized atoms: 0 1 2 3 5"
testcase-1562,"KekulizeException: Can't kekulize mol.  Unkekulized atoms: 0 1 2 3 4"
testcase-1565,"KekulizeException: Can't kekulize mol.  Unkekulized atoms: 3 4 5 6 7 8 9 10 11"
testcase-1571,"KekulizeException: Can't kekulize mol.  Unkekulized atoms: 5 6 7 8 9"
testcase-1572,"KekulizeException: Can't kekulize mol.  Unkekulized atoms: 2 3 4 5 6 7 10 11 12"
testcase-1573,"KekulizeException: Can't kekulize mol.  Unkekulized atoms: 0 1 2 3 4 9 12 13 14"
testcase-1577,"KekulizeException: Can't kekulize mol.  Unkekulized atoms: 4 5 6 7 8"
testcase-1578,"KekulizeException: Can't kekulize mol.  Unkekulized atoms: 3 4 5 6 7"
testcase-1579,"KekulizeException: Can't kekulize mol.  Unkekulized atoms: 0 1 2 3 15"
testcase-1581,"KekulizeException: Can't kekulize mol.  Unkekulized atoms: 3 4 5 6 7"
testcase-1582,"KekulizeException: Can't kekulize mol.  Unkekulized atoms: 5 6 7 8 9"
testcase-1583,"KekulizeException: Can't kekulize mol.  Unkekulized atoms: 5 6 7 8 9"
testcase-1592,"KekulizeException: Can't kekulize mol.  Unkekulized atoms: 4 5 6 9"
testcase-1606,"KekulizeException: Can't kekulize mol.  Unkekulized atoms: 5 6 7 8 9"
testcase-1619,"KekulizeException: Can't kekulize mol.  Unkekulized atoms: 4 5 6 7 8"
testcase-1620,"KekulizeException: Can't kekulize mol.  Unkekulized atoms: 0 1 2 8 9"
testcase-1627,"KekulizeException: Can't kekulize mol.  Unkekulized atoms: 0 1 2 7 8"
testcase-165,"KekulizeException: Can't kekulize mol.  Unkekulized atoms: 0 1 2 3 12"
testcase-1650,"KekulizeException: Can't kekulize mol.  Unkekulized atoms: 1 2 3 4 5 6 11 12 13"
testcase-1659,"KekulizeException: Can't kekulize mol.  Unkekulized atoms: 4 5 6 7 8"
testcase-1660,"KekulizeException: Can't kekulize mol.  Unkekulized atoms: 4 5 6 7 8"
testcase-1671,"KekulizeException: Can't kekulize mol.  Unkekulized atoms: 4 5 6 7 8"
testcase-1680,"KekulizeException: Can't kekulize mol.  Unkekulized atoms: 2 3 4 5 6"
testcase-1681,"KekulizeException: Can't kekulize mol.  Unkekulized atoms: 0 1 2 3 9"
testcase-1682,"KekulizeException: Can't kekulize mol.  Unkekulized atoms: 0 1 2 3 4"
testcase-1686,"KekulizeException: Can't kekulize mol.  Unkekulized atoms: 4 5 6 7 8"
testcase-1687,"KekulizeException: Can't kekulize mol.  Unkekulized atoms: 4 5 6 7 8"
testcase-1702,"KekulizeException: Can't kekulize mol.  Unkekulized atoms: 6 7 8 10 11"
testcase-1703,"KekulizeException: Can't kekulize mol.  Unkekulized atoms: 2 3 4 6 7"
testcase-1705,"KekulizeException: Can't kekulize mol.  Unkekulized atoms: 4 5 6 7 8"
testcase-1706,"KekulizeException: Can't kekulize mol.  Unkekulized atoms: 2 3 7"
testcase-1707,"KekulizeException: Can't kekulize mol.  Unkekulized atoms: 0 1 7"
testcase-1708,"KekulizeException: Can't kekulize mol.  Unkekulized atoms: 0 1 8"
testcase-1713,"KekulizeException: Can't kekulize mol.  Unkekulized atoms: 3 4 5 6 7"
testcase-1714,"KekulizeException: Can't kekulize mol.  Unkekulized atoms: 3 4 5 6 7"
testcase-1715,"KekulizeException: Can't kekulize mol.  Unkekulized atoms: 4 5 6 8 9"
testcase-1716,"KekulizeException: Can't kekulize mol.  Unkekulized atoms: 4 5 6 8 9"
testcase-1717,"KekulizeException: Can't kekulize mol.  Unkekulized atoms: 0 1 2 3 11"
testcase-1718,"KekulizeException: Can't kekulize mol.  Unkekulized atoms: 0 1 2 3 11"
testcase-1719,"KekulizeException: Can't kekulize mol.  Unkekulized atoms: 5 6 7 8 9"
testcase-1720,"KekulizeException: Can't kekulize mol.  Unkekulized atoms: 3 4 5 6 7"
testcase-1721,"KekulizeException: Can't kekulize mol.  Unkekulized atoms: 0 1 2 6 7"
testcase-1722,"KekulizeException: Can't kekulize mol.  Unkekulized atoms: 0 1 2 6 7"
testcase-1729,"KekulizeException: Can't kekulize mol.  Unkekulized atoms: 7 8 9 10 11 12 13 14 15"
testcase-1730,"KekulizeException: Can't kekulize mol.  Unkekulized atoms: 2 3 4 5 6 7 8 9 10"
testcase-1732,"KekulizeException: Can't kekulize mol.  Unkekulized atoms: 3 4 5 6 7"
testcase-1733,"KekulizeException: Can't kekulize mol.  Unkekulized atoms: 2 3 4 5 6"
testcase-1734,"KekulizeException: Can't kekulize mol.  Unkekulized atoms: 0 1 2 3 4"
testcase-1741,"KekulizeException: Can't kekulize mol.  Unkekulized atoms: 3 4 5 6 7"
testcase-1742,"KekulizeException: Can't kekulize mol.  Unkekulized atoms: 0 1 2 3 6"
testcase-1743,"KekulizeException: Can't kekulize mol.  Unkekulized atoms: 0 1 2 3 7"
testcase-1744,"KekulizeException: Can't kekulize mol.  Unkekulized atoms: 0 1 2 7 8"
testcase-1757,"KekulizeException: Can't kekulize mol.  Unkekulized atoms: 5 6 7 8 10"
testcase-1758,"KekulizeException: Can't kekulize mol.  Unkekulized atoms: 5 6 7 8 10"
testcase-1774,"KekulizeException: Can't kekulize mol.  Unkekulized atoms: 4 5 6 7 8"
testcase-1775,"KekulizeException: Can't kekulize mol.  Unkekulized atoms: 4 5 6 7 8"
testcase-1777,"KekulizeException: Can't kekulize mol.  Unkekulized atoms: 3 4 5 6 7 8 9 10 11"
testcase-1779,"KekulizeException: Can't kekulize mol.  Unkekulized atoms: 5 6 7 8 9"
testcase-1780,"KekulizeException: Can't kekulize mol.  Unkekulized atoms: 0 1 2 3 13"
testcase-1781,"KekulizeException: Can't kekulize mol.  Unkekulized atoms: 0 1 2 3 13"
testcase-1782,"KekulizeException: Can't kekulize mol.  Unkekulized atoms: 2 3 4 5 6"
testcase-1783,"KekulizeException: Can't kekulize mol.  Unkekulized atoms: 0 1 2 7 8"
testcase-1784,"KekulizeException: Can't kekulize mol.  Unkekulized atoms: 0 1 2 7 8"
testcase-1793,"KekulizeException: Can't kekulize mol.  Unkekulized atoms: 4 5 6 7 8"
testcase-1794,"KekulizeException: Can't kekulize mol.  Unkekulized atoms: 2 3 4 5 6"
testcase-1795,"KekulizeException: Can't kekulize mol.  Unkekulized atoms: 2 3 4 5 6"
testcase-1796,"KekulizeException: Can't kekulize mol.  Unkekulized atoms: 4 5 6 7 8"
testcase-1797,"KekulizeException: Can't kekulize mol.  Unkekulized atoms: 3 4 5 6 7"
testcase-1798,"KekulizeException: Can't kekulize mol.  Unkekulized atoms: 3 4 5 6 7"
testcase-1812,"KekulizeException: Can't kekulize mol.  Unkekulized atoms: 5 6 7 8 9"
testcase-1814,"KekulizeException: Can't kekulize mol.  Unkekulized atoms: 3 4 5 6 7"
testcase-182,"KekulizeException: Can't kekulize mol.  Unkekulized atoms: 10 11 12 13 14"
testcase-1833,"KekulizeException: Can't kekulize mol.  Unkekulized atoms: 4 5 6 7 8"
testcase-1834,"KekulizeException: Can't kekulize mol.  Unkekulized atoms: 4 5 6 7 8"
testcase-1835,"KekulizeException: Can't kekulize mol.  Unkekulized atoms: 0 1 2 10 11"
testcase-1841,"KekulizeException: Can't kekulize mol.  Unkekulized atoms: 2 3 4 5 6"
testcase-1842,"KekulizeException: Can't kekulize mol.  Unkekulized atoms: 0 1 2 3 8"
testcase-1843,"KekulizeException: Can't kekulize mol.  Unkekulized atoms: 0 1 2 3 9"
testcase-1851,"KekulizeException: Can't kekulize mol.  Unkekulized atoms: 6 7 8 9 10 11 12 13 14"
testcase-1858,"KekulizeException: Can't kekulize mol.  Unkekulized atoms: 3 4 5 6 7"
testcase-1868,"KekulizeException: Can't kekulize mol.  Unkekulized atoms: 4 5 6 8 9"
testcase-1876,"KekulizeException: Can't kekulize mol.  Unkekulized atoms: 0 1 2 3 8"
testcase-1877,"KekulizeException: Can't kekulize mol.  Unkekulized atoms: 0 1 2 3 8"
testcase-1900,"KekulizeException: Can't kekulize mol.  Unkekulized atoms: 6 7 8 9 10"
testcase-1901,"KekulizeException: Can't kekulize mol.  Unkekulized atoms: 3 4 6 7 8"
testcase-1909,"KekulizeException: Can't kekulize mol.  Unkekulized atoms: 2 3 4 5 8"
testcase-1910,"KekulizeException: Can't kekulize mol.  Unkekulized atoms: 0 1 2 3 10"
testcase-1936,"KekulizeException: Can't kekulize mol.  Unkekulized atoms: 6 7 8 9 10"
testcase-1949,"KekulizeException: Can't kekulize mol.  Unkekulized atoms: 0 1 2 7 8"
testcase-1954,"KekulizeException: Can't kekulize mol.  Unkekulized atoms: 2 3 4 5 6"
testcase-1956,"KekulizeException: Can't kekulize mol.  Unkekulized atoms: 0 1 2 3 4"
testcase-1961,"KekulizeException: Can't kekulize mol.  Unkekulized atoms: 4 5 6 7 8"
testcase-1981,"KekulizeException: Can't kekulize mol.  Unkekulized atoms: 0 1 2 3 7"
testcase-1993,"KekulizeException: Can't kekulize mol.  Unkekulized atoms: 6 7 8 9 10"
testcase-1994,"KekulizeException: Can't kekulize mol.  Unkekulized atoms: 2 3 4 5 6"
testcase-2002,"KekulizeException: Can't kekulize mol.  Unkekulized atoms: 1 2 3 4 5"
testcase-2003,"KekulizeException: Can't kekulize mol.  Unkekulized atoms: 0 1 2 3 4"
testcase-2008,"KekulizeException: Can't kekulize mol.  Unkekulized atoms: 3 4 8"
testcase-2009,"KekulizeException: Can't kekulize mol.  Unkekulized atoms: 0 1 10"
testcase-2010,"KekulizeException: Can't kekulize mol.  Unkekulized atoms: 0 1 10"
testcase-2012,"KekulizeException: Can't kekulize mol.  Unkekulized atoms: 2 3 5 6 7"
testcase-2015,"KekulizeException: Can't kekulize mol.  Unkekulized atoms: 0 1 2 3 4"
testcase-2016,"KekulizeException: Can't kekulize mol.  Unkekulized atoms: 3 4 5 6 7"
testcase-2040,"KekulizeException: Can't kekulize mol.  Unkekulized atoms: 2 3 4 5 6"
testcase-2041,"KekulizeException: Can't kekulize mol.  Unkekulized atoms: 0 1 2 3 13"
testcase-2047,"KekulizeException: Can't kekulize mol.  Unkekulized atoms: 3 4 5 6 7"
testcase-2058,"KekulizeException: Can't kekulize mol.  Unkekulized atoms: 0 1 2 5 6"
testcase-2059,"KekulizeException: Can't kekulize mol.  Unkekulized atoms: 6 7 8 9 11"
testcase-2062,"KekulizeException: Can't kekulize mol.  Unkekulized atoms: 0 1 2 6 8"
testcase-2063,"KekulizeException: Can't kekulize mol.  Unkekulized atoms: 0 1 2 11 12"
testcase-2079,"KekulizeException: Can't kekulize mol.  Unkekulized atoms: 2 3 4 5 6"
testcase-2085,"KekulizeException: Can't kekulize mol.  Unkekulized atoms: 7 8 9 10 11"
testcase-2087,"KekulizeException: Can't kekulize mol.  Unkekulized atoms: 7 8 9 10 11"
testcase-2092,"KekulizeException: Can't kekulize mol.  Unkekulized atoms: 4 5 6 7 8"
testcase-2097,"KekulizeException: Can't kekulize mol.  Unkekulized atoms: 2 3 4 5 6"
testcase-2098,"KekulizeException: Can't kekulize mol.  Unkekulized atoms: 2 3 4 5 6"
testcase-2099,"KekulizeException: Can't kekulize mol.  Unkekulized atoms: 0 1 2 8 9"
testcase-210,"KekulizeException: Can't kekulize mol.  Unkekulized atoms: 0 1 2 11 12"
testcase-2103,"KekulizeException: Can't kekulize mol.  Unkekulized atoms: 5 6 7 8 9"
testcase-2104,"KekulizeException: Can't kekulize mol.  Unkekulized atoms: 0 1 2 6 7"
testcase-2110,"KekulizeException: Can't kekulize mol.  Unkekulized atoms: 2 3 4 5 6 7 8 9 10"
testcase-2112,"KekulizeException: Can't kekulize mol.  Unkekulized atoms: 0 1 10 11 12"
testcase-2115,"KekulizeException: Can't kekulize mol.  Unkekulized atoms: 1 2 3 4 5"
testcase-2116,"KekulizeException: Can't kekulize mol.  Unkekulized atoms: 0 1 2 3 4"
testcase-2119,"KekulizeException: Can't kekulize mol.  Unkekulized atoms: 3 4 5 6 7"
testcase-2139,"KekulizeException: Can't kekulize mol.  Unkekulized atoms: 4 5 6 7 9"
testcase-215,"KekulizeException: Can't kekulize mol.  Unkekulized atoms: 0 1 2 5 11"
testcase-2153,"KekulizeException: Can't kekulize mol.  Unkekulized atoms: 0 1 2 3 10"
testcase-2160,"KekulizeException: Can't kekulize mol.  Unkekulized atoms: 2 3 4 5 7"
testcase-2166,"KekulizeException: Can't kekulize mol.  Unkekulized atoms: 3 4 5 6 8"
testcase-2167,"KekulizeException: Can't kekulize mol.  Unkekulized atoms: 0 1 2 5 6"
testcase-217,"KekulizeException: Can't kekulize mol.  Unkekulized atoms: 6 7 8 9 10"
testcase-2170,"KekulizeException: Can't kekulize mol.  Unkekulized atoms: 0 1 2 3 10"
testcase-2184,"KekulizeException: Can't kekulize mol.  Unkekulized atoms: 0 1 2 4 5"
testcase-2186,"KekulizeException: Can't kekulize mol.  Unkekulized atoms: 0 1 2 3 7"
testcase-2187,"KekulizeException: Can't kekulize mol.  Unkekulized atoms: 0 1 2 3 7"
testcase-2190,"KekulizeException: Can't kekulize mol.  Unkekulized atoms: 1 2 3 4 6"
testcase-2195,"KekulizeException: Can't kekulize mol.  Unkekulized atoms: 5 6 7 8 9"
testcase-2208,"KekulizeException: Can't kekulize mol.  Unkekulized atoms: 3 4 5 6 7"
testcase-2209,"KekulizeException: Can't kekulize mol.  Unkekulized atoms: 0 1 2 3 15"
testcase-2215,"KekulizeException: Can't kekulize mol.  Unkekulized atoms: 2 3 4 5 6"
testcase-2218,"KekulizeException: Can't kekulize mol.  Unkekulized atoms: 0 1 2 3 4"
testcase-2219,"KekulizeException: Can't kekulize mol.  Unkekulized atoms: 0 1 2 3 4"
testcase-2220,"KekulizeException: Can't kekulize mol.  Unkekulized atoms: 3 4 5 6 7"
testcase-2221,"KekulizeException: Can't kekulize mol.  Unkekulized atoms: 3 4 5 6 7"
testcase-2227,"KekulizeException: Can't kekulize mol.  Unkekulized atoms: 1 2 3 8 9"
testcase-2235,"KekulizeException: Can't kekulize mol.  Unkekulized atoms: 0 1 2 3 4"
testcase-2236,"KekulizeException: Can't kekulize mol.  Unkekulized atoms: 0 1 2 3 4"
testcase-2237,"KekulizeException: Can't kekulize mol.  Unkekulized atoms: 0 1 2 3 4"
testcase-2246,"KekulizeException: Can't kekulize mol.  Unkekulized atoms: 1 2 5 10"
testcase-2247,"KekulizeException: Can't kekulize mol.  Unkekulized atoms: 1 2 9 12"
testcase-2248,"KekulizeException: Can't kekulize mol.  Unkekulized atoms: 6 7 8 9 10"
testcase-2252,"KekulizeException: Can't kekulize mol.  Unkekulized atoms: 4 5 6 7 8"
testcase-2260,"KekulizeException: Can't kekulize mol.  Unkekulized atoms: 5 6 7 8 9"
testcase-2261,"KekulizeException: Can't kekulize mol.  Unkekulized atoms: 6 7 8 9 10"
testcase-2262,"KekulizeException: Can't kekulize mol.  Unkekulized atoms: 1 2 3 4 8"
testcase-2263,"KekulizeException: Can't kekulize mol.  Unkekulized atoms: 1 2 3 4 8"
testcase-2268,"KekulizeException: Can't kekulize mol.  Unkekulized atoms: 4 5 6 7 8 9 10 11 12"
testcase-2298,"KekulizeException: Can't kekulize mol.  Unkekulized atoms: 2 3 4 5 6"
testcase-2299,"KekulizeException: Can't kekulize mol.  Unkekulized atoms: 5 6 7 8 9"
testcase-2300,"KekulizeException: Can't kekulize mol.  Unkekulized atoms: 5 6 7 8 9"
testcase-2301,"KekulizeException: Can't kekulize mol.  Unkekulized atoms: 2 3 4 5 6"
testcase-2302,"KekulizeException: Can't kekulize mol.  Unkekulized atoms: 0 1 2 3 7"
testcase-2307,"KekulizeException: Can't kekulize mol.  Unkekulized atoms: 1 2 3 4 5"
testcase-2308,"KekulizeException: Can't kekulize mol.  Unkekulized atoms: 0 1 2 3 4"
testcase-231,"KekulizeException: Can't kekulize mol.  Unkekulized atoms: 4 5 6 7 8"
testcase-2310,"KekulizeException: Can't kekulize mol.  Unkekulized atoms: 5 6 7 8 9"
testcase-2311,"KekulizeException: Can't kekulize mol.  Unkekulized atoms: 4 5 6 7 8"
testcase-2317,"KekulizeException: Can't kekulize mol.  Unkekulized atoms: 5 6 7 8 9"
testcase-2318,"KekulizeException: Can't kekulize mol.  Unkekulized atoms: 5 6 7 8 9"
testcase-2319,"KekulizeException: Can't kekulize mol.  Unkekulized atoms: 3 4 5 6 7"
testcase-2320,"KekulizeException: Can't kekulize mol.  Unkekulized atoms: 3 4 5 6 7"
testcase-2336,"KekulizeException: Can't kekulize mol.  Unkekulized atoms: 2 3 4 5 6"
testcase-2337,"KekulizeException: Can't kekulize mol.  Unkekulized atoms: 2 3 4 5 6"
testcase-2338,"KekulizeException: Can't kekulize mol.  Unkekulized atoms: 5 6 7 8 9"
testcase-2339,"KekulizeException: Can't kekulize mol.  Unkekulized atoms: 4 5 6 7 8"
testcase-2340,"KekulizeException: Can't kekulize mol.  Unkekulized atoms: 3 4 5 6 7"
testcase-2341,"KekulizeException: Can't kekulize mol.  Unkekulized atoms: 0 1 2 3 4"
testcase-2343,"KekulizeException: Can't kekulize mol.  Unkekulized atoms: 4 5 6 7 8"
testcase-2344,"KekulizeException: Can't kekulize mol.  Unkekulized atoms: 4 5 6 7 8"
testcase-2345,"KekulizeException: Can't kekulize mol.  Unkekulized atoms: 0 1 2 13 14"
testcase-2346,"KekulizeException: Can't kekulize mol.  Unkekulized atoms: 0 1 2 13 14"
testcase-2347,"KekulizeException: Can't kekulize mol.  Unkekulized atoms: 3 4 5 6 8"
testcase-2349,"KekulizeException: Can't kekulize mol.  Unkekulized atoms: 6 7 8 9 11"
testcase-2350,"KekulizeException: Can't kekulize mol.  Unkekulized atoms: 8 9 10 11 12 13 14 15 16"
testcase-2358,"KekulizeException: Can't kekulize mol.  Unkekulized atoms: 4 5 6 7 8"
testcase-2359,"KekulizeException: Can't kekulize mol.  Unkekulized atoms: 2 3 4 5 6"
testcase-2369,"KekulizeException: Can't kekulize mol.  Unkekulized atoms: 5 6 7 8 9"
testcase-2372,"KekulizeException: Can't kekulize mol.  Unkekulized atoms: 4 5 6 7 8"
testcase-2378,"KekulizeException: Can't kekulize mol.  Unkekulized atoms: 4 5 6 9 10"
testcase-2379,"KekulizeException: Can't kekulize mol.  Unkekulized atoms: 4 5 6 9 10"
testcase-2380,"KekulizeException: Can't kekulize mol.  Unkekulized atoms: 4 5 6 9 12"
testcase-2381,"KekulizeException: Can't kekulize mol.  Unkekulized atoms: 0 1 2 5 9"
testcase-2390,"KekulizeException: Can't kekulize mol.  Unkekulized atoms: 2 3 4 5 6"
testcase-2391,"KekulizeException: Can't kekulize mol.  Unkekulized atoms: 1 2 3 4 5"
testcase-2392,"KekulizeException: Can't kekulize mol.  Unkekulized atoms: 0 1 2 3 4"
testcase-2416,"KekulizeException: Can't kekulize mol.  Unkekulized atoms: 6 7 8 9 10"
testcase-2429,"KekulizeException: Can't kekulize mol.  Unkekulized atoms: 3 4 5 6 7"
testcase-2430,"KekulizeException: Can't kekulize mol.  Unkekulized atoms: 3 4 5 6 7 8 9 10 11"
testcase-2436,"KekulizeException: Can't kekulize mol.  Unkekulized atoms: 3 4 5 6 7"
testcase-2442,"KekulizeException: Can't kekulize mol.  Unkekulized atoms: 2 3 4 5 6"
testcase-2459,"KekulizeException: Can't kekulize mol.  Unkekulized atoms: 3 4 5 6 8"
testcase-2461,"KekulizeException: Can't kekulize mol.  Unkekulized atoms: 0 1 2 8 9"
testcase-2465,"KekulizeException: Can't kekulize mol.  Unkekulized atoms: 3 4 5 6 7"
testcase-2467,"KekulizeException: Can't kekulize mol.  Unkekulized atoms: 3 4 5 7 8"
testcase-2481,"KekulizeException: Can't kekulize mol.  Unkekulized atoms: 5 6 7 8 9"
testcase-2482,"KekulizeException: Can't kekulize mol.  Unkekulized atoms: 5 6 7 8 9"
testcase-2483,"KekulizeException: Can't kekulize mol.  Unkekulized atoms: 0 1 2 7 8"
testcase-2486,"KekulizeException: Can't kekulize mol.  Unkekulized atoms: 3 4 5 6 7"
testcase-2501,"KekulizeException: Can't kekulize mol.  Unkekulized atoms: 2 3 4 5 6 7 8 9 12"
testcase-2502,"KekulizeException: Can't kekulize mol.  Unkekulized atoms: 1 2 3 4 5"
testcase-2511,"KekulizeException: Can't kekulize mol.  Unkekulized atoms: 5 6 7 8 9"
testcase-2512,"KekulizeException: Can't kekulize mol.  Unkekulized atoms: 5 6 7 8 9"
testcase-2513,"KekulizeException: Can't kekulize mol.  Unkekulized atoms: 7 8 9 10 12"
testcase-2518,"KekulizeException: Can't kekulize mol.  Unkekulized atoms: 7 8 9 10 11"
testcase-2525,"KekulizeException: Can't kekulize mol.  Unkekulized atoms: 1 2 3 6 7"
testcase-2538,"KekulizeException: Can't kekulize mol.  Unkekulized atoms: 1 2 3 4 5"
testcase-2539,"KekulizeException: Can't kekulize mol.  Unkekulized atoms: 0 1 2 3 4"
testcase-2545,"KekulizeException: Can't kekulize mol.  Unkekulized atoms: 3 4 5 6 7 8 9 10 11"
testcase-2550,"KekulizeException: Can't kekulize mol.  Unkekulized atoms: 1 2 3 4 5"
testcase-2551,"KekulizeException: Can't kekulize mol.  Unkekulized atoms: 4 5 6 7 8 9 10 11 12"
testcase-2552,"KekulizeException: Can't kekulize mol.  Unkekulized atoms: 4 5 6 7 8 9 10 11 12"
testcase-2587,"KekulizeException: Can't kekulize mol.  Unkekulized atoms: 2 3 4 5 6 7 13 14 15"
testcase-2632,"KekulizeException: Can't kekulize mol.  Unkekulized atoms: 4 5 6 7 8"
testcase-2633,"KekulizeException: Can't kekulize mol.  Unkekulized atoms: 0 1 2 6 7"
testcase-2674,"KekulizeException: Can't kekulize mol.  Unkekulized atoms: 3 4 5 6 7"
testcase-27,"KekulizeException: Can't kekulize mol.  Unkekulized atoms: 1 2 3 4 14"
testcase-2742,"KekulizeException: Can't kekulize mol.  Unkekulized atoms: 5 6 7 8 9"
testcase-2753,"KekulizeException: Can't kekulize mol.  Unkekulized atoms: 9 10 11 12 13"
testcase-2765,"KekulizeException: Can't kekulize mol.  Unkekulized atoms: 1 2 3 4 5"
testcase-2766,"KekulizeException: Can't kekulize mol.  Unkekulized atoms: 0 1 2 3 4"
testcase-2771,"KekulizeException: Can't kekulize mol.  Unkekulized atoms: 1 2 3 4 5"
testcase-2772,"KekulizeException: Can't kekulize mol.  Unkekulized atoms: 2 3 4 5 6"
testcase-2773,"KekulizeException: Can't kekulize mol.  Unkekulized atoms: 2 3 4 5 6"
testcase-2790,"KekulizeException: Can't kekulize mol.  Unkekulized atoms: 3 4 5 6 7"
testcase-2798,"KekulizeException: Can't kekulize mol.  Unkekulized atoms: 4 5 6 7 8"
testcase-2799,"KekulizeException: Can't kekulize mol.  Unkekulized atoms: 3 4 5 9 10"
testcase-2803,"KekulizeException: Can't kekulize mol.  Unkekulized atoms: 4 5 6 7 8"
testcase-2808,"KekulizeException: Can't kekulize mol.  Unkekulized atoms: 3 4 5 7 8"
testcase-2830,"KekulizeException: Can't kekulize mol.  Unkekulized atoms: 0 1 6 7 8"
testcase-2831,"KekulizeException: Can't kekulize mol.  Unkekulized atoms: 0 1 6 7 8"
testcase-2833,"KekulizeException: Can't kekulize mol.  Unkekulized atoms: 0 1 2 7 8"
testcase-2834,"KekulizeException: Can't kekulize mol.  Unkekulized atoms: 3 4 5 6 7"
testcase-2835,"KekulizeException: Can't kekulize mol.  Unkekulized atoms: 3 4 5 6 7"
testcase-2853,"KekulizeException: Can't kekulize mol.  Unkekulized atoms: 4 5 6 7 8"
testcase-2863,"KekulizeException: Can't kekulize mol.  Unkekulized atoms: 2 3 4 5 6"
testcase-2874,"KekulizeException: Can't kekulize mol.  Unkekulized atoms: 0 1 2 7 8"
testcase-2875,"KekulizeException: Can't kekulize mol.  Unkekulized atoms: 0 1 2 7 8"
testcase-2900,"KekulizeException: Can't kekulize mol.  Unkekulized atoms: 1 2 3 4 5"
testcase-2907,"KekulizeException: Can't kekulize mol.  Unkekulized atoms: 4 5 6 7 8"
testcase-2908,"KekulizeException: Can't kekulize mol.  Unkekulized atoms: 3 4 5 6 7"
testcase-2909,"KekulizeException: Can't kekulize mol.  Unkekulized atoms: 0 1 2 3 8"
testcase-2922,"KekulizeException: Can't kekulize mol.  Unkekulized atoms: 0 1 2 3 7"
testcase-2934,"KekulizeException: Can't kekulize mol.  Unkekulized atoms: 5 6 7 8 9"
testcase-2935,"KekulizeException: Can't kekulize mol.  Unkekulized atoms: 5 6 7 8 9"
testcase-2943,"KekulizeException: Can't kekulize mol.  Unkekulized atoms: 4 5 6 7 8"
testcase-2956,"KekulizeException: Can't kekulize mol.  Unkekulized atoms: 1 2 3 4 5"
testcase-2965,"KekulizeException: Can't kekulize mol.  Unkekulized atoms: 3 4 5 6 7 8 9 10 11"
testcase-2969,"KekulizeException: Can't kekulize mol.  Unkekulized atoms: 2 3 5 6 7 8 9 10 11"
testcase-2970,"KekulizeException: Can't kekulize mol.  Unkekulized atoms: 0 1 2 3 4 5 11 12 13"
testcase-2981,"KekulizeException: Can't kekulize mol.  Unkekulized atoms: 0 1 2 3 4 5 11 12 13"
testcase-2993,"KekulizeException: Can't kekulize mol.  Unkekulized atoms: 1 2 3 9 10"
testcase-2994,"KekulizeException: Can't kekulize mol.  Unkekulized atoms: 1 2 3 4 5"
testcase-2995,"KekulizeException: Can't kekulize mol.  Unkekulized atoms: 3 4 5 6 7 8 9 10 11"
testcase-3014,"KekulizeException: Can't kekulize mol.  Unkekulized atoms: 4 5 6 7 8"
testcase-3018,"KekulizeException: Can't kekulize mol.  Unkekulized atoms: 5 6 7 8 9"
testcase-3032,"KekulizeException: Can't kekulize mol.  Unkekulized atoms: 1 2 3 5 6"
testcase-3050,"KekulizeException: Can't kekulize mol.  Unkekulized atoms: 3 4 5 6 7 8 11 12 13"
testcase-3051,"KekulizeException: Can't kekulize mol.  Unkekulized atoms: 0 1 2 3 4 5 9 10 11"
testcase-3053,"KekulizeException: Can't kekulize mol.  Unkekulized atoms: 3 4 5 6 7 8 9 10 11"
testcase-3082,"KekulizeException: Can't kekulize mol.  Unkekulized atoms: 0 1 2 7 8"
testcase-3107,"KekulizeException: Can't kekulize mol.  Unkekulized atoms: 0 1 2 6 7"
testcase-3121,"KekulizeException: Can't kekulize mol.  Unkekulized atoms: 4 5 6 7 8"
testcase-3130,"KekulizeException: Can't kekulize mol.  Unkekulized atoms: 0 1 2 5 6"
testcase-3135,"KekulizeException: Can't kekulize mol.  Unkekulized atoms: 0 1 2 3 4"
testcase-3149,"KekulizeException: Can't kekulize mol.  Unkekulized atoms: 1 2 3 4 5"
testcase-3151,"KekulizeException: Can't kekulize mol.  Unkekulized atoms: 4 5 6 7 8"
testcase-3158,"KekulizeException: Can't kekulize mol.  Unkekulized atoms: 4 5 6 7 8"
testcase-350,"KekulizeException: Can't kekulize mol.  Unkekulized atoms: 3 4 5 6 7"
testcase-353,"KekulizeException: Can't kekulize mol.  Unkekulized atoms: 1 2 3 4 6"
testcase-45,"KekulizeException: Can't kekulize mol.  Unkekulized atoms: 0 1 2 3 10"
testcase-81,"KekulizeException: Can't kekulize mol.  Unkekulized atoms: 0 1 2 7 8"
testcase-891,"KekulizeException: Can't kekulize mol.  Unkekulized atoms: 0 1 2 3 6"
testcase-917,"KekulizeException: Can't kekulize mol.  Unkekulized atoms: 3 4 5 6 7 8 9 10 11"
testcase-934,"KekulizeException: Can't kekulize mol.  Unkekulized atoms: 3 4 5 6 7"
testcase-941,"KekulizeException: Can't kekulize mol.  Unkekulized atoms: 1 2 3 4 5 6 7 8 9"
testcase-949,"KekulizeException: Can't kekulize mol.  Unkekulized atoms: 1 2 3 4 5"
